1445,2189,134,37,3,chr1,112822263,112822629,-136133793,-,HERVH-int,LTR,ERV1,-3978,3735,3357,1
1445,13024,113,3,50,chr1,112822629,112823232,-136133190,-,HERVH-int,LTR,ERV1,-4883,2830,2251,1
1445,2679,55,0,0,chr1,112823232,112823541,-136132881,+,AluY,SINE,Alu,1,309,-2,1
1445,13024,123,9,39,chr1,112823541,112825658,-136130764,-,HERVH-int,LTR,ERV1,-5463,2250,1,1
1445,2543,99,125,5,chr1,112825660,112826054,-136130368,-,LTR7,LTR,ERV1,-2,448,1,1
1445,357,115,47,0,chr1,112826118,112826179,-136130243,-,MER41B,LTR,ERV1,0,634,571,1
1445,3213,109,26,2,chr1,112826179,112826631,-136129791,+,LTR2,LTR,ERV1,1,463,0,1
1445,6726,79,15,0,chr1,112826631,112827533,-136128889,+,Harlequin-int,LTR,ERV1,1,916,-5980,1
1445,26889,72,22,11,chr1,112827509,112831188,-136125234,+,Harlequin-int,LTR,ERV1,1405,5125,-1771,1
1445,7405,135,1,2,chr1,112831173,112832261,-136124161,+,Harlequin-int,LTR,ERV1,5810,6896,0,1
1445,3480,85,11,11,chr1,112832261,112832724,-136123698,+,LTR2,LTR,ERV1,1,463,0,1
1445,914,209,0,126,chr1,112832724,112832987,-136123435,-,MER41C,LTR,ERV1,-60,461,232,1
1445,2141,139,0,7,chr1,112832987,112833296,-136123126,-,AluSx,SINE,Alu,-5,307,1,1
1445,1927,73,4,0,chr1,112833306,112833539,-136122883,-,AluSq2,SINE,Alu,-9,304,71,1
1445,206,262,48,36,chr1,112833563,112833646,-136122776,+,L2a,LINE,L2,3343,3426,0,1
1445,472,286,33,33,chr1,112833683,112833835,-136122587,+,L2a,LINE,L2,3269,3420,-6,1
1445,2298,86,0,0,chr1,112834485,112834801,-136121621,-,AluSc8,SINE,Alu,0,311,2,1
1445,2326,106,0,13,chr1,112834855,112835158,-136121264,+,AluSx,SINE,Alu,2,300,-12,1
1445,2243,99,36,0,chr1,112835227,112835521,-136120901,-,AluSp,SINE,Alu,-8,305,1,1
1445,1961,131,47,0,chr1,112835523,112835805,-136120617,-,AluJb,SINE,Alu,-16,296,1,1
1445,2382,185,45,32,chr1,112835922,112836068,-136120354,+,L1ME1,LINE,L1,5331,5494,-685,1
1445,2437,79,3,3,chr1,112836068,112836373,-136120049,+,AluSp,SINE,Alu,1,305,-8,1
1445,2382,185,45,32,chr1,112836373,112836791,-136119631,+,L1ME1,LINE,L1,5495,5903,-276,1
1445,1070,212,107,71,chr1,112836795,112837120,-136119302,-,MER21B,LTR,ERVL,-16,922,585,1
1445,38,0,0,0,chr1,112837124,112837159,-136119263,+,(TTG)n,Simple_repeat,Simple_repeat,1,35,0,1
1445,731,153,26,0,chr1,112837159,112837270,-136119152,-,AluJr4,SINE,Alu,-29,283,170,1
1445,1166,204,76,94,chr1,112837310,112837483,-136118939,-,MER21B,LTR,ERVL,-374,494,317,1
1445,2050,141,3,10,chr1,112837483,112837782,-136118640,-,AluSz,SINE,Alu,-13,299,3,1
1445,1166,204,76,94,chr1,112837782,112837794,-136118628,-,MER21B,LTR,ERVL,-552,316,312,1
1445,2074,129,26,0,chr1,112837794,112838088,-136118334,-,AluSx,SINE,Alu,-10,302,1,1
1445,1166,204,76,94,chr1,112838088,112838252,-136118170,-,MER21B,LTR,ERVL,-557,311,151,1
1445,1697,101,5,0,chr1,112838252,112838470,-136117952,-,AluSx1,SINE,Alu,-93,219,1,1
1445,2242,105,0,3,chr1,112838470,112838789,-136117633,-,AluSq2,SINE,Alu,0,313,1,1
1445,2638,135,47,41,chr1,112838795,112838832,-136117590,-,L1MA8,LINE,L1,0,6291,6259,1
1445,2377,100,3,0,chr1,112838832,112839132,-136117290,+,AluSg,SINE,Alu,1,301,-9,1
1445,2638,135,47,41,chr1,112839132,112839356,-136117066,-,L1MA8,LINE,L1,-33,6258,6029,1
1445,2325,94,13,0,chr1,112839356,112839653,-136116769,+,AluSg4,SINE,Alu,1,301,-9,1
1445,2638,135,47,41,chr1,112839653,112839854,-136116568,-,L1MA8,LINE,L1,-263,6028,5828,1
1445,1987,107,7,21,chr1,112839854,112840134,-136116288,-,AluY,SINE,Alu,-9,302,27,1
1445,2638,135,47,41,chr1,112840134,112840180,-136116242,-,L1MA8,LINE,L1,-464,5827,5779,1
1445,501,289,133,49,chr1,112840409,112840465,-136115957,-,MLT1K,LTR,ERVL-MaLR,-21,574,520,1
1445,1434,141,7,198,chr1,112840465,112840834,-136115588,+,AluJr,SINE,Alu,1,298,-14,1
1445,501,289,133,49,chr1,112840834,112841024,-136115398,-,MLT1K,LTR,ERVL-MaLR,-76,519,304,1
1445,501,305,126,23,chr1,112841179,112841501,-136114921,+,L2a,LINE,L2,2871,3244,-182,1
1445,719,271,77,51,chr1,112841515,112841647,-136114775,-,MIR,SINE,MIR,0,262,129,1
1445,2478,68,7,0,chr1,112841647,112841943,-136114479,+,AluSx1,SINE,Alu,1,298,-14,1
1445,719,271,77,51,chr1,112841943,112842063,-136114359,-,MIR,SINE,MIR,-134,128,3,1
1445,1914,108,88,4,chr1,112842120,112842389,-136114033,-,AluSq2,SINE,Alu,-19,294,1,1
1445,2388,85,13,0,chr1,112842402,112842697,-136113725,-,AluY,SINE,Alu,-12,299,1,1
1445,2086,104,4,0,chr1,112842712,112842980,-136113442,+,AluSx,SINE,Alu,30,298,-14,1
1445,244,302,144,51,chr1,112842983,112843297,-136113125,+,L2,LINE,L2,2432,2779,-640,1
1445,2217,125,3,10,chr1,112843490,112843803,-136112619,+,AluSz6,SINE,Alu,1,311,-1,1
1445,1085,104,0,0,chr1,112843827,112843962,-136112460,+,AluSx,SINE,Alu,2,136,-176,1
1445,2305,91,0,3,chr1,112843962,112844258,-136112164,+,AluY,SINE,Alu,2,296,-15,1
1445,2454,57,0,38,chr1,112844363,112844680,-136111742,+,AluY,SINE,Alu,2,306,-5,1
1445,2335,96,0,0,chr1,112844700,112845003,-136111419,-,AluSc8,SINE,Alu,-7,304,2,1
1445,2204,126,3,3,chr1,112845141,112845443,-136110979,-,AluSx1,SINE,Alu,-10,302,1,1
1445,236,51,49,0,chr1,112845604,112845643,-136110779,-,Charlie2b,DNA,hAT-Charlie,-106,2676,2636,1
1445,313,143,103,0,chr1,112845645,112845715,-136110707,-,Charlie2a,DNA,hAT-Charlie,-1190,1671,1594,1
1445,2304,88,7,0,chr1,112846023,112846344,-136110078,-,AluSc,SINE,Alu,0,309,1,1
1445,2407,106,0,0,chr1,112846776,112847087,-136109335,-,AluSz,SINE,Alu,-1,311,1,1
1445,2117,91,36,32,chr1,112847097,112847405,-136109017,-,AluSz,SINE,Alu,-3,309,1,1
1445,2394,60,0,0,chr1,112847567,112847890,-136108532,-,AluY,SINE,Alu,0,311,1,1
1445,2575,72,0,0,chr1,112847903,112848208,-136108214,-,AluY,SINE,Alu,-6,305,1,1
1445,2273,121,0,3,chr1,112848436,112848750,-136107672,+,AluSq,SINE,Alu,1,313,0,1
1445,2397,39,7,7,chr1,112848797,112849076,-136107346,+,AluSg7,SINE,Alu,1,279,-30,1
1445,60,0,0,0,chr1,112849076,112849129,-136107293,+,(AAT)n,Simple_repeat,Simple_repeat,1,53,0,1
1445,379,278,101,21,chr1,112850184,112850373,-136106049,+,MIR,SINE,MIR,28,227,-35,1
1445,481,277,94,26,chr1,112850544,112850733,-136105689,-,MIRb,SINE,MIR,-34,234,32,1
1445,247,298,19,55,chr1,112850786,112850896,-136105526,-,L2c,LINE,L2,-14,3373,3268,1
1445,223,190,0,23,chr1,112850908,112850951,-136105471,-,L2b,LINE,L2,-10,3365,3324,1
1445,2174,122,3,0,chr1,112851053,112851348,-136105074,+,AluSx,SINE,Alu,1,296,-16,1
1445,386,171,146,0,chr10,112822829,112822905,-20974517,-,L2b,LINE,L2,0,3375,3287,5
1445,236,250,90,90,chr10,112823363,112823530,-20973892,-,UCON5,Unknown,Unknown,-268,168,2,5
1445,419,322,22,0,chr10,112823861,112824051,-20973371,-,MIR3,SINE,MIR,-7,201,11,5
1445,2135,86,4,0,chr10,112824293,112824561,-20972861,+,AluSz,SINE,Alu,1,269,-43,5
1445,439,276,10,66,chr10,112824689,112824867,-20972555,+,MIR3,SINE,MIR,33,196,-12,5
1445,2715,240,85,19,chr10,112824991,112825718,-20971704,+,MER45C,DNA,hAT-Tip100,1,779,-174,5
1445,1470,171,104,0,chr10,112825823,112826115,-20971307,+,MER45B,DNA,hAT-Tip100,715,1040,0,5
1445,18,40,0,0,chr10,112826901,112826927,-20970495,+,(GAAT)n,Simple_repeat,Simple_repeat,1,26,0,5
1445,396,273,83,20,chr10,112827957,112828103,-20969319,+,MIRb,SINE,MIR,43,198,-70,5
1445,239,125,0,0,chr10,112828291,112828323,-20969099,+,tRNA-Ile-ATA,tRNA,tRNA,1,32,-45,5
1445,18,101,0,0,chr10,112828400,112828419,-20969003,+,(ATT)n,Simple_repeat,Simple_repeat,1,19,0,5
1445,2389,60,3,0,chr10,112828419,112828703,-20968719,-,AluY,SINE,Alu,-26,285,1,5
1445,18,101,0,0,chr10,112828703,112828716,-20968706,+,(ATT)n,Simple_repeat,Simple_repeat,2,14,0,5
1445,944,128,0,8,chr10,112828730,112828863,-20968559,+,FLAM_C,SINE,Alu,2,133,-10,5
1445,2550,57,0,0,chr10,112829162,112829458,-20967964,+,AluY,SINE,Alu,1,296,-15,5
1445,2179,126,0,10,chr10,112829468,112829770,-20967652,+,AluSx1,SINE,Alu,1,299,-13,5
1445,314,222,165,58,chr10,112829772,112829944,-20967478,-,Charlie23a,DNA,hAT-Charlie,-91,248,55,5
1445,357,284,134,38,chr10,112830052,112830493,-20966929,+,L2b,LINE,L2,2670,3162,-213,5
1445,33,0,0,0,chr10,112830822,112830850,-20966572,+,(AT)n,Simple_repeat,Simple_repeat,1,28,0,5
1445,1315,138,0,5,chr10,112830850,112831038,-20966384,-,AluJb,SINE,Alu,-14,298,112,5
1445,397,303,41,1,chr10,112831038,112831184,-20966238,+,L2b,LINE,L2,3245,3426,0,5
1445,293,252,127,19,chr10,112832527,112832632,-20964790,-,AmnSINE2,SINE,tRNA-Deu,-240,118,1,5
1445,324,312,0,0,chr10,112833098,112833191,-20964231,-,MER117,DNA,hAT-Charlie,0,197,105,5
1445,15,171,0,47,chr10,112833266,112833309,-20964113,+,(CATCCCA)n,Simple_repeat,Simple_repeat,1,43,0,5
1445,497,330,31,42,chr10,112833420,112833613,-20963809,+,MIR3,SINE,MIR,8,198,-10,5
1445,232,220,74,42,chr10,112833629,112833717,-20963705,+,L2c,LINE,L2,3201,3317,-70,5
1445,545,313,15,30,chr10,112833984,112834185,-20963237,+,MIRb,SINE,MIR,64,261,-7,5
1445,720,236,53,43,chr10,112836292,112836478,-20960944,-,MIR3,SINE,MIR,-6,202,15,5
1445,2210,92,3,24,chr10,112837040,112837335,-20960087,+,AluSg,SINE,Alu,1,289,-21,5
1445,368,261,71,30,chr10,112837528,112837662,-20959760,+,MIR3,SINE,MIR,33,172,-36,5
1445,319,296,53,48,chr10,112837916,112838139,-20959283,-,MIRb,SINE,MIR,-38,230,6,5
1445,461,301,35,6,chr10,112838746,112838913,-20958509,+,MIRb,SINE,MIR,7,178,-90,5
1445,277,296,113,52,chr10,112839206,112839495,-20957927,-,L2b,LINE,L2,-85,3290,2982,5
1445,342,262,134,70,chr10,112839838,112840010,-20957412,+,MIRb,SINE,MIR,5,196,-72,5
1445,2458,163,89,21,chr10,112840010,112840530,-20956892,+,MER89,LTR,ERV1,1,559,0,5
1445,342,262,134,70,chr10,112840530,112840587,-20956835,+,MIRb,SINE,MIR,197,251,-17,5
1445,220,282,183,0,chr10,112840809,112840894,-20956528,+,MIRb,SINE,MIR,2,105,-163,5
1445,187,345,0,0,chr10,112840918,112840973,-20956449,+,MIRb,SINE,MIR,183,237,-31,5
1445,681,74,0,0,chr10,112842032,112842161,-20955261,-,AluSx3,SINE,Alu,0,311,201,5
1445,489,214,140,55,chr10,112842483,112842646,-20954776,+,MIR3,SINE,MIR,30,208,0,5
1445,1219,264,88,47,chr10,112842828,112843296,-20954126,-,LTR33B,LTR,ERVL,0,503,15,5
1445,234,262,16,0,chr10,112843896,112843957,-20953465,+,MIR3,SINE,MIR,99,160,-48,5
1445,335,135,0,108,chr10,112844051,112844134,-20953288,+,Charlie15a,DNA,hAT-Charlie,136,209,-15,5
1445,2237,86,4,0,chr10,112844418,112844697,-20952725,-,AluSx1,SINE,Alu,-31,281,2,5
1445,2411,85,0,0,chr10,112845735,112846029,-20951393,+,AluSz,SINE,Alu,1,294,-18,5
1445,399,209,209,79,chr10,112846385,112846484,-20950938,+,MER3,DNA,hAT-Charlie,1,113,-96,5
1445,2521,81,0,0,chr10,112846484,112846793,-20950629,+,AluY,SINE,Alu,1,309,-2,5
1445,399,209,209,79,chr10,112846793,112846870,-20950552,+,MER3,DNA,hAT-Charlie,114,206,-3,5
1445,769,139,144,0,chr10,112846939,112847076,-20950346,+,MLT1D,LTR,ERVL-MaLR,346,505,0,5
1445,243,278,0,65,chr10,112847812,112847889,-20949533,-,L2b,LINE,L2,0,3375,3304,5
1445,646,168,22,51,chr10,112847952,112848090,-20949332,+,MLT1H2,LTR,ERVL-MaLR,356,489,0,5
1445,261,348,12,32,chr10,112848700,112848902,-20948520,-,L2b,LINE,L2,-109,3278,3075,5
1445,183,214,35,51,chr10,112850116,112850175,-20947247,-,MIR1_Amn,SINE,MIR,-3,227,170,5
1445,681,226,17,89,chr10,112850549,112850705,-20946717,+,Arthur1A,DNA,hAT-Tip100,1,145,-32,5
1445,776,204,113,0,chr10,112850705,112850862,-20946560,-,MER45A,DNA,hAT-Tip100,-1,177,1,5
1445,681,226,17,89,chr10,112850862,112850895,-20946527,+,Arthur1A,DNA,hAT-Tip100,146,176,-1,5
1445,409,316,50,34,chr11,112822104,112822281,-22264341,-,MIRc,SINE,MIR,-42,226,47,7
1445,338,212,105,0,chr11,112822282,112822367,-22264255,+,MIRb,SINE,MIR,5,99,-169,7
1445,317,173,174,0,chr11,112823002,112823083,-22263539,-,UCON88,Unknown,Unknown,0,112,15,7
1445,1105,290,111,57,chr11,112823530,112824089,-22262533,-,MLT1K,LTR,ERVL-MaLR,-2,593,1,7
1445,230,356,48,17,chr11,112824091,112824211,-22262411,-,MIRb,SINE,MIR,-110,158,35,7
1445,4472,142,8,57,chr11,112824217,112824984,-22261638,+,LTR1F1,LTR,ERV1,1,729,0,7
1445,27,201,0,0,chr11,112825392,112825450,-22261172,+,(GTGT)n,Simple_repeat,Simple_repeat,1,58,0,7
1445,258,194,0,31,chr11,112825616,112825680,-22260942,-,MLT1N2,LTR,ERVL-MaLR,0,562,501,7
1445,12,223,54,34,chr11,112827362,112827418,-22259204,+,(ATGAA)n,Simple_repeat,Simple_repeat,1,59,0,7
1445,2257,152,47,15,chr11,112827884,112828279,-22258343,+,MLT1A1,LTR,ERVL-MaLR,1,408,0,7
1445,438,357,105,32,chr11,112828501,112829196,-22257426,+,L2c,LINE,L2,2388,3154,-233,7
1445,294,314,113,28,chr11,112829305,112829482,-22257140,+,L2c,LINE,L2,3174,3367,-20,7
1445,813,267,27,12,chr11,112829603,112829849,-22256773,+,MIRb,SINE,MIR,3,261,-1,7
1445,491,276,131,57,chr11,112830671,112830917,-22255705,-,L2c,LINE,L2,-9,3378,3112,7
1445,2441,68,0,23,chr11,112831481,112831788,-22254834,+,AluY,SINE,Alu,2,301,-10,7
1445,181,359,0,0,chr11,112832015,112832068,-22254554,-,L2,LINE,L2,-2910,509,457,7
1445,16,96,0,0,chr11,112832605,112832628,-22253994,+,(AC)n,Simple_repeat,Simple_repeat,1,23,0,7
1445,446,285,112,25,chr11,112832684,112832863,-22253759,-,MIR3,SINE,MIR,-17,191,4,7
1445,1497,227,111,52,chr11,112833017,112833551,-22253071,+,MER34A,LTR,ERV1,3,571,0,7
1445,667,232,83,0,chr11,112833574,112833772,-22252850,+,MIR,SINE,MIR,47,262,0,7
1445,219,365,16,8,chr11,112833766,112833893,-22252729,+,MER5A,DNA,hAT-Charlie,37,164,-25,7
1445,293,306,27,77,chr11,112834051,112834207,-22252415,+,MER5A,DNA,hAT-Charlie,42,189,0,7
1445,188,284,15,29,chr11,112836986,112837055,-22249567,+,MIRc,SINE,MIR,4,71,-197,7
1445,221,362,47,14,chr11,112837657,112837800,-22248822,+,MIRb,SINE,MIR,85,232,-36,7
1445,484,282,73,6,chr11,112839295,112839493,-22247129,+,MIR,SINE,MIR,46,266,-2,7
1445,257,281,42,0,chr11,112839574,112839655,-22246967,-,L2a,LINE,L2,0,3426,3291,7
1445,831,310,121,16,chr11,112839690,112840396,-22246226,-,L2a,LINE,L2,-183,3243,2420,7
1445,4255,32,0,0,chr11,112840396,112840894,-22245728,-,L1PA4,LINE,L1,-3,6152,5655,7
1445,831,301,138,11,chr11,112840894,112841049,-22245573,-,L2a,LINE,L2,-1000,2419,2215,7
1445,435,234,96,72,chr11,112841424,112841576,-22245046,-,LTR88a,LTR,Gypsy?,-3,813,658,7
1445,195,267,0,0,chr11,112841894,112841939,-22244683,+,L2c,LINE,L2,3305,3349,-38,7
1445,262,281,0,58,chr11,112841907,112841994,-22244628,+,L2b,LINE,L2,3294,3375,0,7
1445,607,309,87,5,chr11,112842510,112842731,-22243891,-,MIRb,SINE,MIR,0,268,28,7
1445,845,131,15,8,chr11,112843698,112843829,-22242793,-,MER5A1,DNA,hAT-Charlie,0,166,35,7
1445,913,266,119,50,chr11,112843936,112844332,-22242290,-,MLT1L,LTR,ERVL-MaLR,-180,430,4,7
1445,254,306,129,72,chr11,112844908,112845015,-22241607,+,L2a,LINE,L2,3025,3131,-295,7
1445,1322,158,43,13,chr11,112845015,112845240,-22241382,+,Tigger4a,DNA,TcMar-Tigger,5,236,0,7
1445,254,306,129,72,chr11,112845240,112845509,-22241113,+,L2a,LINE,L2,3132,3426,0,7
1445,2109,201,76,7,chr11,112845704,112846145,-22240477,+,MLT2B2,LTR,ERVL,3,476,-39,7
1445,19,311,0,0,chr11,112846158,112846208,-22240414,+,(ATCC)n,Simple_repeat,Simple_repeat,1,50,0,7
1445,35,0,0,0,chr11,112846208,112846238,-22240384,+,(TC)n,Simple_repeat,Simple_repeat,1,30,0,7
1445,19,311,0,0,chr11,112846238,112846256,-22240366,+,(ATCC)n,Simple_repeat,Simple_repeat,3,20,0,7
1445,291,147,14,93,chr11,112846265,112846297,-22240325,+,MLT2B2,LTR,ERVL,482,511,-44,7
1445,102,36,18,0,chr11,112846297,112846411,-22240211,+,(TATC)n,Simple_repeat,Simple_repeat,1,116,0,7
1445,291,152,13,83,chr11,112846411,112846458,-22240164,+,MLT2B2,LTR,ERVL,512,561,0,7
1445,44,44,0,0,chr11,112847136,112847183,-22239439,+,(TG)n,Simple_repeat,Simple_repeat,1,47,0,7
1445,12,100,0,0,chr11,112847295,112847317,-22239305,+,(ATTC)n,Simple_repeat,Simple_repeat,1,22,0,7
1445,305,346,130,4,chr11,112847319,112847629,-22238993,-,L2c,LINE,L2,-1,3374,3018,7
1445,277,195,99,47,chr11,112848170,112848256,-22238366,-,L1ME3A,LINE,L1,-7,6166,6076,7
1445,1431,226,21,50,chr11,112848252,112848675,-22237947,+,L1MB4,LINE,L1,5658,6071,-109,7
1445,1140,237,79,26,chr11,112848678,112848712,-22237910,-,L1M5,LINE,L1,-463,5699,5663,7
1445,27,0,0,0,chr11,112848712,112848738,-22237884,+,(TATTT)n,Simple_repeat,Simple_repeat,1,26,0,7
1445,1140,237,79,26,chr11,112848738,112849088,-22237534,-,L1M5,LINE,L1,-500,5662,5293,7
1445,79,156,16,43,chr11,112849088,112849270,-22237352,+,(CCTT)n,Simple_repeat,Simple_repeat,1,185,0,7
1445,6454,239,70,14,chr11,112849327,112851377,-22235245,-,L1M5,LINE,L1,-979,5167,2995,7
1445,319,298,41,47,chr12,112821889,112822037,-20453272,-,MER102b,DNA,hAT-Charlie,-175,166,20,9
1445,554,215,94,7,chr12,112822717,112822862,-20452447,+,MIR,SINE,MIR,88,246,-16,9
1445,869,271,99,0,chr12,112823249,112823485,-20451824,+,MIRb,SINE,MIR,6,267,-1,9
1445,1696,236,34,42,chr12,112824024,112824476,-20450833,-,LTR16A1,LTR,ERVL,-6,450,3,9
1445,823,290,67,137,chr12,112825640,112825942,-20449367,-,L2a,LINE,L2,-1,3425,3183,9
1445,1041,126,0,12,chr12,112825942,112826103,-20449206,-,L1PA10,LINE,L1,-11,6157,5999,9
1445,823,283,127,46,chr12,112826103,112826440,-20448869,-,L2a,LINE,L2,-244,3182,2807,9
1445,2169,221,34,59,chr12,112826459,112827056,-20448253,-,L1ME3,LINE,L1,-30,6132,5551,9
1445,2120,179,60,5,chr12,112827059,112827498,-20447811,-,L1MB7,LINE,L1,-12,6172,5708,9
1445,647,307,5,78,chr12,112827500,112827700,-20447609,-,L2a,LINE,L2,-649,2770,2585,9
1445,1580,78,5,0,chr12,112827700,112827906,-20447403,+,L1PA7,LINE,L1,5945,6151,-3,9
1445,647,307,5,78,chr12,112827906,112827935,-20447374,-,L2a,LINE,L2,-835,2584,2558,9
1445,353,342,54,12,chr12,112828048,112828208,-20447101,+,MIR3,SINE,MIR,14,180,-28,9
1445,576,257,50,19,chr12,112828609,112828764,-20446545,+,MIR3,SINE,MIR,1,160,-48,9
1445,822,268,34,18,chr12,112828764,112829076,-20446233,+,MER102c,DNA,hAT-Charlie,1,303,-28,9
1445,240,176,38,19,chr12,112829088,112829140,-20446169,+,L3,LINE,CR1,4046,4098,-1,9
1445,2075,145,10,3,chr12,112829267,112829571,-20445738,-,AluJo,SINE,Alu,-6,306,1,9
1445,1001,235,93,26,chr12,112829611,112830030,-20445279,-,MER113,DNA,hAT-Charlie,0,521,72,9
1445,1474,292,111,29,chr12,112830032,112830962,-20444347,-,L1MEd,LINE,L1,-2993,3153,2138,9
1445,1039,216,33,14,chr12,112830962,112831173,-20444136,-,MER58A,DNA,hAT-Charlie,-6,218,4,9
1445,1739,263,103,72,chr12,112831189,112832446,-20442863,-,L1MEd,LINE,L1,-5002,2101,801,9
1445,1285,192,142,74,chr12,112832447,112832560,-20442749,+,MER63B,DNA,hAT-Blackjack,1,113,-323,9
1445,1776,177,0,3,chr12,112832560,112832842,-20442467,+,AluJr,SINE,Alu,2,282,-30,9
1445,1285,192,142,74,chr12,112832842,112832935,-20442374,+,MER63B,DNA,hAT-Blackjack,114,186,-250,9
1445,1590,100,203,0,chr12,112832935,112833175,-20442134,-,AluSx,SINE,Alu,-11,301,1,9
1445,1285,192,142,74,chr12,112833175,112833371,-20441938,+,MER63B,DNA,hAT-Blackjack,187,436,0,9
1445,259,310,27,0,chr12,112833454,112833525,-20441784,-,L1MEd,LINE,L1,-6419,684,612,9
1445,2782,246,56,47,chr12,112833639,112833730,-20441579,-,L1ME1,LINE,L1,0,6179,6098,9
1445,1529,219,14,7,chr12,112833730,112834017,-20441292,-,AluJr,SINE,Alu,-13,299,11,9
1445,2782,253,55,42,chr12,112834017,112834959,-20440350,-,L1ME1,LINE,L1,-82,6097,5129,9
1445,311,250,77,70,chr12,112834975,112835104,-20440205,-,L1MEd,LINE,L1,-6937,166,37,9
1445,216,167,0,0,chr12,112835971,112836007,-20439302,-,MIR1_Amn,SINE,MIR,-94,136,101,9
1445,548,295,29,0,chr12,112837175,112837341,-20437968,+,MIRc,SINE,MIR,67,237,-31,9
1445,271,368,20,14,chr12,112837478,112837624,-20437685,+,MIR3,SINE,MIR,55,201,-7,9
1445,41,115,15,0,chr12,112837851,112837919,-20437390,+,(CTCC)n,Simple_repeat,Simple_repeat,1,69,0,9
1445,622,330,73,50,chr12,112837919,112838318,-20436991,-,L2c,LINE,L2,-1,3386,2978,9
1445,366,217,87,34,chr12,112839182,112839301,-20436008,-,MamTip1,DNA,hAT-Tip100,-2,265,140,9
1445,1073,270,55,59,chr12,112839337,112839706,-20435603,-,MLT1H,LTR,ERVL-MaLR,-12,567,98,9
1445,2107,148,0,3,chr12,112839706,112840010,-20435299,+,AluSx,SINE,Alu,2,304,-8,9
1445,1073,291,32,84,chr12,112840010,112840109,-20435200,-,MLT1H,LTR,ERVL-MaLR,-452,97,8,9
1445,1590,144,3,23,chr12,112840182,112840487,-20434822,-,L1MA4,LINE,L1,-2,6298,6000,9
1445,468,287,16,0,chr12,112840487,112840609,-20434700,+,MER5A,DNA,hAT-Charlie,60,183,-6,9
1445,749,187,39,0,chr12,112841065,112841188,-20434121,+,FLAM_A,SINE,Alu,5,132,-10,9
1445,476,277,88,18,chr12,112841391,112841560,-20433749,+,MIRb,SINE,MIR,29,210,-58,9
1445,442,321,105,0,chr12,112841558,112841695,-20433614,-,MIRb,SINE,MIR,-91,177,25,9
1445,17,127,0,0,chr12,112841695,112841721,-20433588,+,(T)n,Simple_repeat,Simple_repeat,1,26,0,9
1445,31,149,0,0,chr12,112841880,112841932,-20433377,+,(TC)n,Simple_repeat,Simple_repeat,1,52,0,9
1445,15,111,0,32,chr12,112842143,112842174,-20433135,+,(CATT)n,Simple_repeat,Simple_repeat,1,31,0,9
1445,665,309,25,18,chr12,112842304,112842561,-20432748,-,MIRb,SINE,MIR,-16,252,1,9
1445,482,294,29,29,chr12,112842799,112842974,-20432335,-,MIRb,SINE,MIR,-46,222,48,9
1445,292,282,118,26,chr12,112843930,112844083,-20431226,+,L3,LINE,CR1,3844,4012,-87,9
1445,1487,245,38,56,chr12,112844088,112844668,-20430641,+,MLT1E1A,LTR,ERVL-MaLR,5,680,0,9
1445,2217,200,105,12,chr12,112844726,112845218,-20430091,-,MLT1F,LTR,ERVL-MaLR,-5,543,1,9
1445,501,238,60,63,chr12,112845366,112845556,-20429753,-,Arthur1B,DNA,hAT-Tip100,-17,160,3,9
1445,747,273,113,38,chr12,112845676,112846141,-20429168,-,L2a,LINE,L2,-6,3420,2884,9
1445,586,180,26,0,chr12,112846141,112846252,-20429057,-,L1MB5,LINE,L1,0,6174,6061,9
1445,747,246,39,54,chr12,112846252,112846305,-20429004,-,L2a,LINE,L2,-536,2883,2829,9
1445,699,269,6,0,chr12,112846891,112847051,-20428258,+,MIR,SINE,MIR,40,200,-62,9
1445,277,281,19,46,chr12,112847221,112847329,-20427980,-,Charlie8,DNA,hAT-Charlie,-2291,137,33,9
1445,251,333,145,24,chr12,112847481,112847650,-20427659,-,MIRb,SINE,MIR,-17,251,59,9
1445,642,311,34,15,chr12,112848440,112848642,-20426667,+,MIRb,SINE,MIR,53,258,-10,9
1445,40,67,0,0,chr12,112849408,112849456,-20425853,+,(GT)n,Simple_repeat,Simple_repeat,1,48,0,9
1445,820,205,65,24,chr12,112849532,112849737,-20425572,+,L2a,LINE,L2,3213,3426,0,9
1445,404,290,104,6,chr12,112849822,112849978,-20425331,-,MLT1O,LTR,ERVL-MaLR,-350,192,20,9
1445,886,267,59,4,chr12,112850072,112850313,-20424996,+,MIR,SINE,MIR,8,262,0,9
1445,593,228,10,27,chr12,112851125,112851277,-20424032,-,MIRb,SINE,MIR,-42,226,79,9
1445,192,282,101,0,chr13,112822302,112822373,-1541955,+,L2a,LINE,L2,3305,3383,-43,1
1445,812,198,44,17,chr13,112822589,112822766,-1541562,+,AluJr,SINE,Alu,124,305,-7,1
1445,225,252,58,78,chr13,112822860,112823002,-1541326,-,MER5A,DNA,hAT-Charlie,-34,155,17,1
1445,748,201,107,11,chr13,112823813,112823999,-1540329,-,MER2,DNA,TcMar-Tigger,0,345,140,1
1445,290,254,41,0,chr13,112824030,112824101,-1540227,-,MER2,DNA,TcMar-Tigger,-266,79,6,1
1445,19,206,0,39,chr13,112824996,112825047,-1539281,+,(CCCT)n,Simple_repeat,Simple_repeat,1,51,0,1
1445,422,302,73,28,chr13,112827293,112827474,-1536854,+,MIRb,SINE,MIR,39,230,-38,1
1445,3134,167,67,10,chr13,112829271,112829960,-1534368,+,L1M2,LINE,L1,3675,4405,-1738,1
1445,256,279,140,37,chr13,112830013,112830147,-1534181,+,MIRb,SINE,MIR,119,268,0,1
1445,2177,111,0,3,chr13,112830292,112830599,-1533729,+,AluSx1,SINE,Alu,1,306,-6,1
1445,296,71,45,0,chr13,112830662,112830704,-1533624,-,Tigger4b,DNA,TcMar-Tigger,0,361,318,1
1445,375,309,196,13,chr13,112838657,112838894,-1525434,+,MamGypsy2-I,LTR,Gypsy,1326,1606,-2560,1
1445,13,102,0,103,chr13,112839300,112839339,-1524989,+,A-rich,Low_complexity,Low_complexity,1,39,0,1
1445,373,311,69,35,chr13,112839780,112839977,-1524351,+,MamGypsy2-I,LTR,Gypsy,2913,3116,-1050,1
1445,203,273,83,22,chr13,112841700,112841790,-1522538,+,OldhAT1,DNA,hAT-Ac,859,954,-1894,1
1445,365,353,57,39,chr13,112844331,112844643,-1519685,-,L1ME2,LINE,L1,-2,6553,6236,1
1445,257,325,25,13,chr13,112845895,112846051,-1518277,-,L1ME2,LINE,L1,-358,6197,6040,1
1445,682,324,115,58,chr13,112846066,112846853,-1517475,-,L1MEc,LINE,L1,-4908,1492,656,1
1445,406,263,71,0,chr13,112847027,112847183,-1517145,-,L1MEc,LINE,L1,-6046,354,187,1
1445,227,200,28,114,chr13,112847189,112847268,-1517060,-,L1MD3,LINE,L1,-14,7981,7910,1
1445,5220,219,55,38,chr13,112847269,112847803,-1516525,-,L1ME2,LINE,L1,-1000,5537,5003,1
1445,1703,185,10,27,chr13,112847803,112848101,-1516227,+,AluJr,SINE,Alu,1,293,-19,1
1445,5220,219,55,38,chr13,112848101,112848685,-1515643,-,L1ME2,LINE,L1,-1535,5002,4409,1
1445,2403,91,0,0,chr13,112848685,112848982,-1515346,-,AluSq2,SINE,Alu,-11,302,6,1
1445,5220,219,55,38,chr13,112848982,112849321,-1515007,-,L1ME2,LINE,L1,-2129,4408,4053,1
1445,432,250,15,15,chr13,112849296,112849426,-1514902,-,L1ME2,LINE,L1,-6503,130,1,1
1445,326,356,132,33,chr13,112849678,112849861,-1514467,-,L2c,LINE,L2,0,3387,3172,1
1445,264,362,0,0,chr2,112822068,112822162,-129371367,+,L2a,LINE,L2,1488,1581,-1838,2
1445,1926,309,75,70,chr2,112822218,112822871,-129370658,+,L2a,LINE,L2,1724,2360,-1059,2
1445,1658,146,3,66,chr2,112822871,112823173,-129370356,-,AluJo,SINE,Alu,-14,298,16,2
1445,1926,309,75,70,chr2,112823173,112823606,-129369923,+,L2a,LINE,L2,2361,2792,-627,2
1445,2917,7,0,0,chr2,112823606,112823914,-129369615,-,AluYb8,SINE,Alu,-10,308,1,2
1445,1926,313,62,53,chr2,112823914,112824338,-129369191,+,L2a,LINE,L2,2793,3243,-183,2
1445,206,229,143,10,chr2,112824346,112824443,-129369086,-,MIR3,SINE,MIR,-8,200,89,2
1445,1040,239,175,45,chr2,112825794,112826303,-129367226,-,L1ME3G,LINE,L1,-44,880,292,2
1445,1898,141,7,36,chr2,112826806,112826962,-129366567,+,AluJo,SINE,Alu,1,151,-161,2
1445,2207,134,110,8,chr2,112826962,112827346,-129366183,+,MSTA,LTR,ERVL-MaLR,1,428,0,2
1445,1898,141,7,36,chr2,112827346,112827493,-129366036,+,AluJo,SINE,Alu,152,295,-17,2
1445,2181,264,44,35,chr2,112827524,112827768,-129365761,-,L1ME4b,LINE,L1,-76,816,583,2
1445,2471,148,35,21,chr2,112827768,112828190,-129365339,-,MSTA,LTR,ERVL-MaLR,0,428,1,2
1445,2181,264,44,35,chr2,112828190,112828752,-129364777,-,L1ME4b,LINE,L1,-310,582,2,2
1445,2027,127,0,61,chr2,112828913,112829243,-129364286,-,AluJo,SINE,Alu,-2,310,1,2
1445,279,247,21,51,chr2,112829381,112829479,-129364050,+,L2a,LINE,L2,3293,3387,0,2
1445,20,176,0,40,chr2,112829966,112830016,-129363513,+,(AATA)n,Simple_repeat,Simple_repeat,1,50,0,2
1445,2200,135,3,0,chr2,112833711,112834022,-129359507,+,AluSz,SINE,Alu,1,312,0,2
1445,331,263,20,3,chr2,112834056,112834162,-129359367,-,MIRc,SINE,MIR,-141,127,19,2
1445,372,213,105,11,chr2,112834982,112835077,-129358452,-,MIR3,SINE,MIR,-33,175,71,2
1445,40,228,10,20,chr2,112836566,112836667,-129356862,+,GA-rich,Low_complexity,Low_complexity,1,102,0,2
1445,2520,68,0,0,chr2,112837751,112838047,-129355482,-,AluYj4,SINE,Alu,-15,296,1,2
1445,137,144,42,17,chr2,112838656,112838943,-129354586,+,(CTTT)n,Simple_repeat,Simple_repeat,1,299,0,2
1445,323,266,0,113,chr2,112838944,112839050,-129354479,-,AluJb,SINE,Alu,-1,301,221,2
1445,227,327,93,0,chr2,112839413,112839520,-129354009,-,MIR3,SINE,MIR,-72,136,19,2
1445,351,326,94,25,chr2,112839922,112840287,-129353242,-,L3,LINE,CR1,-1478,2621,2229,2
1445,500,148,201,17,chr2,112840816,112840933,-129352596,-,MER58A,DNA,hAT-Charlie,-3,221,78,2
1445,455,319,77,0,chr2,112841013,112841229,-129352300,-,MIRb,SINE,MIR,0,268,35,2
1445,284,298,174,6,chr2,112841773,112841935,-129351594,-,L3,LINE,CR1,-2175,1924,1730,2
1445,415,340,86,18,chr2,112842528,112843038,-129350491,+,L2c,LINE,L2,2644,3195,-192,2
1445,21,163,0,0,chr2,112843800,112843836,-129349693,+,(GT)n,Simple_repeat,Simple_repeat,1,36,0,2
1445,1214,180,0,57,chr2,112844147,112844314,-129349215,+,AluJo,SINE,Alu,72,232,-80,2
1445,483,112,0,158,chr2,112844314,112844409,-129349120,-,MADE1,DNA,TcMar-Mariner,0,80,1,2
1445,1214,180,0,57,chr2,112844409,112844486,-129349043,+,AluJo,SINE,Alu,233,302,-10,2
1445,854,169,12,87,chr2,112845022,112845164,-129348365,+,AluJo,SINE,Alu,137,278,-34,2
1445,1092,124,272,0,chr2,112845164,112845381,-129348148,-,AluJo,SINE,Alu,-10,302,5,2
1445,854,169,12,87,chr2,112845381,112845421,-129348108,+,AluJo,SINE,Alu,279,305,-7,2
1445,2535,58,0,0,chr2,112845433,112845728,-129347801,-,AluY,SINE,Alu,-16,295,1,2
1445,2340,190,56,11,chr2,112846676,112847118,-129346411,+,MER31A,LTR,ERV1,1,468,-17,2
1445,2384,83,0,10,chr2,112847118,112847418,-129346111,-,AluSx1,SINE,Alu,-15,297,1,2
1445,2340,190,56,11,chr2,112847418,112847438,-129346091,+,MER31A,LTR,ERV1,469,485,0,2
1445,271,306,35,9,chr2,112847974,112848086,-129345443,+,MIRb,SINE,MIR,109,223,-45,2
1445,12,77,67,31,chr2,112848121,112848151,-129345378,+,(CCTT)n,Simple_repeat,Simple_repeat,1,32,0,2
1445,17,149,27,0,chr2,112848398,112848435,-129345094,+,(GGCTCA)n,Simple_repeat,Simple_repeat,1,38,0,2
1445,258,397,48,26,chr2,112848667,112849091,-129344438,+,L2,LINE,L2,958,1391,-2028,2
1445,3469,78,45,0,chr2,112849106,112849557,-129343972,+,MER4A1,LTR,ERV1,1,472,0,2
1445,2636,81,67,58,chr2,112849560,112849883,-129343646,+,MER4-int,LTR,ERV1,1,339,-6259,2
1445,3387,57,60,2,chr2,112849883,112850319,-129343210,+,LTR2,LTR,ERV1,1,463,0,2
1445,4783,137,109,77,chr2,112850319,112851616,-129341913,+,MER4-int,LTR,ERV1,273,1722,-4876,2
1445,2435,97,128,17,chr3,112821685,112821762,-85473797,+,MER4C,LTR,ERV1,380,461,-4,2
1445,256,317,88,19,chr3,112822041,112822149,-85473410,-,L2c,LINE,L2,-27,3399,3261,2
1445,1875,199,26,98,chr3,112822153,112822705,-85472854,+,MER21B,LTR,ERVL,8,515,-353,2
1445,3136,133,69,3,chr3,112822712,112823291,-85472268,+,LTR24C,LTR,ERV1,16,635,0,2
1445,1562,172,39,29,chr3,112823291,112823597,-85471962,+,MER21B,LTR,ERVL,613,921,-17,2
1445,226,400,42,72,chr3,112823624,112823915,-85471644,-,L2c,LINE,L2,-155,3232,2951,2
1445,399,351,85,88,chr3,112823966,112824734,-85470825,-,L2c,LINE,L2,-558,2861,2097,2
1445,2562,60,0,19,chr3,112824955,112825272,-85470287,+,AluY,SINE,Alu,1,311,0,2
1445,589,167,127,14,chr3,112825950,112826090,-85469469,+,L1MB8,LINE,L1,6012,6169,-9,2
1445,482,311,93,71,chr3,112826240,112826493,-85469066,-,MIR,SINE,MIR,-2,260,2,2
1445,260,288,12,0,chr3,112826514,112826594,-85468965,+,L2c,LINE,L2,3307,3387,0,2
1445,185,256,23,0,chr3,112829112,112829155,-85466404,-,L2c,LINE,L2,-342,3045,3002,2
1445,244,288,0,0,chr3,112830285,112830344,-85465215,+,Charlie1a,DNA,hAT-Charlie,1,59,-1396,2
1445,18,0,0,0,chr3,112830498,112830518,-85465041,+,(T)n,Simple_repeat,Simple_repeat,1,20,0,2
1445,1414,232,44,54,chr3,112831204,112831459,-85464100,-,Charlie1a,DNA,hAT-Charlie,-999,456,196,2
1445,1684,242,92,2,chr3,112831459,112831882,-85463677,+,MLT1C,LTR,ERVL-MaLR,3,467,0,2
1445,1414,232,44,54,chr3,112831882,112832087,-85463472,-,Charlie1a,DNA,hAT-Charlie,-1260,195,1,2
1445,2245,285,104,87,chr3,112832087,112832992,-85462567,+,ERV3-16A3_I-int,LTR,ERVL,1708,2652,-2574,2
1445,184,261,21,0,chr3,112832992,112833038,-85462521,+,MamRTE1,LINE,RTE-BovB,1714,1760,-2052,2
1445,2245,285,104,87,chr3,112833038,112833892,-85461667,+,ERV3-16A3_I-int,LTR,ERVL,2653,3546,-1680,2
1445,440,187,27,18,chr3,112833930,112834039,-85461520,+,ERV3-16A3_I-int,LTR,ERVL,3631,3740,-1486,2
1445,737,111,0,0,chr3,112834231,112834330,-85461229,-,AluSx3,SINE,Alu,-6,305,207,2
1445,332,299,23,16,chr3,112834331,112834460,-85461099,+,ERV3-16A3_I-int,LTR,ERVL,4819,4948,-809,2
1445,268,197,16,16,chr3,112834497,112834559,-85461000,+,ERV3-16A3_I-int,LTR,ERVL,4721,4782,-444,2
1445,6386,189,36,34,chr3,112834566,112835949,-85459610,-,MER52A,LTR,ERV1,0,1755,314,2
1445,736,199,88,0,chr3,112836123,112836289,-85459270,-,MER52A,LTR,ERV1,-1890,233,52,2
1445,413,329,85,26,chr3,112836692,112837191,-85458368,-,L1M5,LINE,L1,-2284,3862,3332,2
1445,185,259,24,69,chr3,112837620,112837707,-85457852,+,L2c,LINE,L2,3221,3303,-84,2
1445,251,297,33,41,chr3,112838351,112838474,-85457085,+,L1MEd,LINE,L1,6,127,-6959,2
1445,15,0,80,0,chr3,112838474,112838499,-85457060,+,(AACA)n,Simple_repeat,Simple_repeat,1,27,0,2
1445,362,227,0,0,chr3,112838607,112838695,-85456864,-,L1MD,LINE,L1,-3383,2763,2676,2
1445,1478,212,12,43,chr3,112838697,112839047,-85456512,+,MLT2C1,LTR,ERVL,1,339,-58,2
1445,23,213,0,0,chr3,112839047,112839098,-85456461,+,(CACA)n,Simple_repeat,Simple_repeat,1,51,0,2
1445,251,180,0,20,chr3,112839108,112839159,-85456400,+,Ricksha_c,DNA,MULE-MuDR,865,914,-1134,2
1445,3239,290,36,25,chr3,112839153,112840191,-85455368,+,ERVL-E-int,LTR,ERVL,5,1056,-4611,2
1445,2413,158,23,5,chr3,112840191,112840611,-85454948,-,MSTA,LTR,ERVL-MaLR,0,428,1,2
1445,3239,290,36,25,chr3,112840611,112840697,-85454862,+,ERVL-E-int,LTR,ERVL,1057,1142,-4525,2
1445,11,216,0,49,chr3,112840873,112840914,-85454645,+,(TTATAT)n,Simple_repeat,Simple_repeat,1,41,0,2
1445,254,365,30,20,chr3,112840970,112841068,-85454491,+,MamSINE1,SINE,tRNA-RTE,93,191,-99,2
1445,1952,115,149,11,chr3,112841068,112841436,-85454123,+,MSTA,LTR,ERVL-MaLR,1,428,0,2
1445,4066,216,11,4,chr3,112841447,112842232,-85453327,+,L1P4d,LINE,L1,335,1125,-5810,2
1445,3386,79,44,26,chr3,112842232,112843032,-85452527,+,MER11A,LTR,ERVK,1,1044,-222,2
1445,462,143,0,0,chr3,112843032,112843102,-85452457,+,L1P4d,LINE,L1,1222,1291,-5644,2
1445,7593,155,18,17,chr3,112843106,112844644,-85450915,+,L1P4d,LINE,L1,2293,3855,-3060,2
1445,2227,113,10,0,chr3,112844644,112844954,-85450605,+,AluSq,SINE,Alu,1,313,0,2
1445,7593,140,12,28,chr3,112844954,112845427,-85450132,+,L1P4d,LINE,L1,3856,4297,-2618,2
1445,204,400,78,26,chr3,112845445,112845640,-85449919,+,MamSINE1,SINE,tRNA-RTE,82,287,-3,2
1445,667,260,53,50,chr3,112846038,112846557,-85449002,-,L1ME3,LINE,L1,-2,6177,5585,2
1445,910,144,6,30,chr3,112846566,112846731,-85448828,+,MLT1C,LTR,ERVL-MaLR,8,168,-299,2
1445,651,162,83,31,chr3,112846773,112846932,-85448627,+,MLT1C,LTR,ERVL-MaLR,159,326,-141,2
1445,2131,182,42,23,chr3,112846934,112847377,-85448182,-,MER74C,LTR,ERVL,0,460,9,2
1445,2944,263,55,47,chr3,112847388,112848685,-85446874,-,HERVL74-int,LTR,ERVL,0,5685,4293,2
180,14655,188,25,16,chr3,112848698,112853367,-85442192,+,L1PREC2,LINE,L1,13,4784,-1982,2
1445,2099,134,7,3,chr4,112821771,112822062,-77392493,-,AluJb,SINE,Alu,-15,297,6,2
1445,2497,79,0,50,chr4,112822120,112822438,-77392117,+,AluSc8,SINE,Alu,1,302,-9,2
1445,2136,147,3,16,chr4,112822462,112822776,-77391779,+,AluSz6,SINE,Alu,1,310,-2,2
1445,53,36,0,0,chr4,112824136,112824193,-77390362,+,(ATCT)n,Simple_repeat,Simple_repeat,1,57,0,2
1445,1701,160,4,77,chr4,112824197,112824497,-77390058,-,AluJr,SINE,Alu,-30,282,5,2
1445,2421,96,10,0,chr4,112824508,112824800,-77389755,-,AluSx,SINE,Alu,-16,296,2,2
1445,3093,80,3,0,chr4,112824958,112825347,-77389208,+,L1PA5,LINE,L1,5762,6151,-3,2
1445,1666,227,55,50,chr4,112825575,112826093,-77388462,-,MER39,LTR,ERV1,0,707,1,2
1445,4859,138,14,30,chr4,112827721,112828232,-77386323,+,L1PREC2,LINE,L1,4496,5002,-1144,2
1445,2527,84,0,3,chr4,112828232,112828531,-77386024,-,AluSg7,SINE,Alu,-10,299,2,2
1445,4859,138,14,30,chr4,112828531,112828871,-77385684,+,L1PREC2,LINE,L1,5003,5333,-813,2
1445,2066,140,14,11,chr4,112828871,112829157,-77385398,+,AluSz6,SINE,Alu,1,287,-25,2
1445,28,33,0,0,chr4,112829161,112829192,-77385363,+,(AATG)n,Simple_repeat,Simple_repeat,1,31,0,2
1445,892,164,122,0,chr4,112829192,112829357,-77385198,-,L1M2,LINE,L1,-3519,2624,2437,2
1445,902,144,15,8,chr4,112829373,112829505,-77385050,+,FLAM_C,SINE,Alu,1,133,-10,2
1445,5064,120,15,20,chr4,112829505,112829674,-77384881,+,L1PA15,LINE,L1,5317,5484,-681,2
1445,2463,105,0,13,chr4,112829674,112829988,-77384567,+,AluY,SINE,Alu,2,311,0,2
1445,5064,120,15,20,chr4,112829988,112830608,-77383947,+,L1PA15,LINE,L1,5485,6102,-63,2
1445,9920,124,89,3,chr4,112830632,112832072,-77382483,+,LTR12C,LTR,ERV1,3,1579,0,2
1445,1806,178,0,4,chr4,112832077,112832352,-77382203,-,AluSz,SINE,Alu,-38,274,1,2
1445,434,132,0,0,chr4,112832360,112832428,-77382127,+,L1PA15,LINE,L1,6097,6164,-1,2
1445,2555,51,0,0,chr4,112833508,112833802,-77380753,-,AluY,SINE,Alu,-17,294,1,2
1445,325,281,126,7,chr4,112833808,112833948,-77380607,-,L1ME4b,LINE,L1,-3,889,731,2
1445,408,223,64,0,chr4,112833988,112834091,-77380464,-,L1ME4b,LINE,L1,-219,673,564,2
1445,428,167,56,19,chr4,112834100,112834204,-77380351,-,L1MC5a,LINE,L1,-13,2764,2657,2
1445,897,203,95,42,chr4,112834204,112834492,-77380063,+,L1MC5a,LINE,L1,2463,2767,-10,2
1445,2159,244,95,30,chr4,112834495,112835301,-77379254,-,L1MC5a,LINE,L1,-109,2668,1805,2
1445,406,281,45,0,chr4,112835635,112835763,-77378792,+,MIRb,SINE,MIR,119,252,-16,2
1445,190,347,40,0,chr4,112835783,112835855,-77378700,+,MIRb,SINE,MIR,182,256,-12,2
1445,2000,89,113,15,chr4,112836052,112836393,-77378162,+,THE1D,LTR,ERVL-MaLR,1,379,-2,2
1445,11742,103,5,5,chr4,112836395,112838026,-77376529,+,THE1D-int,LTR,ERVL-MaLR,1,1631,0,2
1445,2191,104,63,14,chr4,112838026,112838388,-77376167,+,THE1D,LTR,ERVL-MaLR,1,381,0,2
1445,2154,87,4,4,chr4,112838586,112838851,-77375704,+,AluSx,SINE,Alu,1,265,-47,2
1445,12,240,61,0,chr4,112839026,112839075,-77375480,+,(TCTTC)n,Simple_repeat,Simple_repeat,1,52,0,2
1445,430,300,0,20,chr4,112840003,112840105,-77374450,-,L2b,LINE,L2,-4,3371,3272,2
1445,256,185,145,0,chr4,112840192,112840257,-77374298,+,MER5A,DNA,hAT-Charlie,93,168,-21,2
1445,778,237,108,14,chr4,112840652,112840870,-77373685,-,MIR,SINE,MIR,0,262,22,2
1445,2377,93,3,10,chr4,112841999,112842309,-77372246,-,AluSx1,SINE,Alu,-4,308,1,2
1445,1924,125,59,30,chr4,112842438,112842767,-77371788,-,MER1B,DNA,hAT-Charlie,0,339,1,2
1445,1844,197,104,9,chr4,112842786,112843237,-77371318,-,MLT1D,LTR,ERVL-MaLR,0,505,7,2
1445,652,318,39,48,chr4,112844586,112845006,-77369549,-,L4_A_Mam,LINE,RTE-X,-36,4954,4539,2
1445,243,344,173,20,chr4,112846036,112846109,-77368446,+,L2c,LINE,L2,1855,1934,-1485,2
1445,1845,144,29,26,chr4,112846109,112846414,-77368141,-,AluJo,SINE,Alu,-6,306,1,2
1445,243,344,173,20,chr4,112846414,112846749,-77367806,+,L2c,LINE,L2,1935,2339,-1080,2
1445,428,307,120,39,chr4,112846788,112847148,-77367407,-,MLT1J,LTR,ERVL-MaLR,-141,371,5,2
1445,540,354,103,33,chr4,112847152,112847637,-77366918,+,L2c,LINE,L2,2347,2869,-550,2
1445,13,93,0,0,chr4,112847714,112847737,-77366818,+,(AATA)n,Simple_repeat,Simple_repeat,1,23,0,2
1445,209,419,8,0,chr4,112847824,112847948,-77366607,+,L2c,LINE,L2,2900,3024,-395,2
1445,250,260,0,6,chr4,112848014,112848084,-77366471,+,MIRb,SINE,MIR,5,78,-190,2
1445,1881,117,0,111,chr4,112848136,112848461,-77366094,-,AluSx,SINE,Alu,-23,289,1,2
1445,536,294,54,15,chr4,112848596,112848793,-77365762,+,L2c,LINE,L2,3179,3383,-4,2
1445,2786,188,49,40,chr4,112849760,112850249,-77364306,+,MLT2B3,LTR,ERVL,1,504,-50,2
1445,59,0,0,0,chr4,112850249,112850302,-77364253,+,(ATCT)n,Simple_repeat,Simple_repeat,1,53,0,2
1445,41,91,0,0,chr4,112850309,112850369,-77364186,+,(CATC)n,Simple_repeat,Simple_repeat,1,60,0,2
1445,2786,188,49,40,chr4,112850369,112850420,-77364135,+,MLT2B3,LTR,ERVL,505,554,0,2
1445,18,48,0,0,chr4,112850441,112850463,-77364092,+,(T)n,Simple_repeat,Simple_repeat,1,22,0,2
1445,2324,92,0,0,chr4,112850504,112850815,-77363740,-,AluYj4,SINE,Alu,0,311,1,2
1445,559,278,214,23,chr4,112851013,112851445,-77363110,-,LTR79,LTR,ERVL,-6,521,6,2
1445,240,226,134,23,chr5,112822858,112822944,-68715315,+,MARNA,DNA,TcMar-Mariner,25,121,-465,3
1445,271,361,49,0,chr5,112823692,112823789,-68714470,-,L2b,LINE,L2,-20,3355,3254,3
1445,222,326,34,0,chr5,112823872,112823958,-68714301,+,MER5A,DNA,hAT-Charlie,99,187,-2,3
1445,716,295,207,19,chr5,112824802,112825550,-68712709,+,L2b,LINE,L2,2175,3101,-274,3
1445,845,156,21,2,chr5,112825569,112825709,-68712550,+,AluJb,SINE,Alu,1,134,-168,3
1445,396,303,83,23,chr5,112825942,112826246,-68712013,-,CR1_Mam,LINE,CR1,-510,1694,1371,3
1445,16,52,0,0,chr5,112826586,112826606,-68711653,+,(A)n,Simple_repeat,Simple_repeat,1,20,0,3
1445,287,150,77,16,chr5,112827494,112827555,-68710704,+,U3,snRNA,snRNA,1,65,-152,3
1445,1667,167,79,3,chr5,112828028,112828310,-68709949,-,AluJb,SINE,Alu,-6,306,2,3
1445,1783,148,32,18,chr5,112828471,112828748,-68709511,-,AluJr4,SINE,Alu,-31,281,1,3
1445,2124,111,14,10,chr5,112829146,112829435,-68708824,-,AluSg,SINE,Alu,-20,290,1,3
1445,1021,204,14,40,chr5,112829546,112829771,-68708488,-,MER20,DNA,hAT-Charlie,0,219,1,3
1445,1975,221,53,4,chr5,112830285,112830748,-68707511,+,L1ME1,LINE,L1,5368,5854,-325,3
1445,259,222,16,0,chr5,112830736,112830799,-68707460,+,L1MB8,LINE,L1,5946,6009,-169,3
1445,584,230,19,0,chr5,112830813,112830965,-68707294,+,L1MA10,LINE,L1,6180,6334,0,3
1445,2294,79,0,0,chr5,112831113,112831390,-68706869,-,AluSc5,SINE,Alu,-16,293,17,3
1445,30,0,0,0,chr5,112833037,112833065,-68705194,+,(TTTTGC)n,Simple_repeat,Simple_repeat,1,28,0,3
1445,1456,164,0,47,chr5,112833091,112833180,-68705079,-,AluJr,SINE,Alu,-90,222,134,3
1445,2439,107,3,0,chr5,112833180,112833480,-68704779,-,AluSx3,SINE,Alu,-10,301,1,3
1445,1456,164,0,47,chr5,112833480,112833622,-68704637,-,AluJr,SINE,Alu,-179,133,2,3
1445,285,298,31,0,chr5,112833840,112833934,-68704325,-,L1MC4a,LINE,L1,-1953,5929,5833,3
1445,1798,124,76,25,chr5,112833957,112834231,-68704028,-,AluJb,SINE,Alu,-16,296,8,3
1445,2305,112,13,13,chr5,112834238,112834542,-68703717,-,AluSx1,SINE,Alu,-8,304,1,3
1445,15,82,0,0,chr5,112835562,112835572,-68702687,+,(ATA)n,Simple_repeat,Simple_repeat,1,10,0,3
1445,2211,133,3,3,chr5,112835572,112835872,-68702387,-,AluSz,SINE,Alu,-12,300,1,3
1445,15,82,0,0,chr5,112835872,112835888,-68702371,+,(ATA)n,Simple_repeat,Simple_repeat,2,17,0,3
1445,2271,105,0,34,chr5,112836009,112836330,-68701929,-,AluSx1,SINE,Alu,0,312,1,3
1445,2472,109,19,0,chr5,112836696,112837000,-68701259,-,AluSx,SINE,Alu,-2,310,1,3
1445,12,158,0,33,chr5,112839038,112839068,-68699191,+,GA-rich,Low_complexity,Low_complexity,1,30,0,3
1445,292,320,25,0,chr5,112846029,112846107,-68692152,-,MIRb,SINE,MIR,-180,88,9,3
1445,820,194,48,12,chr5,112846750,112846912,-68691347,-,MER5A,DNA,hAT-Charlie,-21,168,1,3
1445,270,316,36,83,chr5,112848163,112848308,-68689951,+,MLT1M,LTR,ERVL-MaLR,109,246,-426,3
1445,1257,158,49,31,chr5,112848503,112848725,-68689534,+,AluJr,SINE,Alu,76,301,-11,3
1445,659,158,73,0,chr5,112848731,112848832,-68689427,+,AluJb,SINE,Alu,92,200,-112,3
1445,345,151,0,0,chr5,112848834,112848887,-68689372,+,AluJb,SINE,Alu,239,291,-11,3
1445,2212,103,26,13,chr5,112849073,112849374,-68688885,+,AluSc,SINE,Alu,1,305,-4,3
1445,502,326,90,22,chr5,112849763,112850033,-68688226,-,MLT1N2,LTR,ERVL-MaLR,-272,290,1,3
1445,278,291,102,24,chr5,112850096,112850349,-68687910,+,L1M6,LINE,L1,1921,2195,-4301,3
1445,2319,98,0,4,chr5,112850918,112851194,-68687065,-,AluSx1,SINE,Alu,-37,275,1,3
1445,315,307,133,35,chr6,112822287,112822511,-57983468,+,MIRc,SINE,MIR,16,257,-5,3
1445,297,241,0,17,chr6,112822726,112822785,-57983194,+,MIRc,SINE,MIR,92,149,-119,3
1445,2593,210,98,22,chr6,112822859,112823271,-57982708,-,L1MB1,LINE,L1,-16,6173,5704,3
1445,1304,201,123,0,chr6,112823271,112823534,-57982445,+,AluJr,SINE,Alu,1,300,-12,3
1445,2593,210,98,22,chr6,112823534,112823792,-57982187,-,L1MB1,LINE,L1,-486,5703,5447,3
1445,2415,176,38,3,chr6,112823790,112824288,-57981691,+,L1MB1,LINE,L1,4892,5415,-753,3
1445,266,252,108,65,chr6,112824289,112824412,-57981567,-,L1MC5a,LINE,L1,-3,2774,2646,3
1445,260,301,46,24,chr6,112824423,112824508,-57981471,+,MIRb,SINE,MIR,179,265,-3,3
1445,201,262,16,16,chr6,112824513,112824575,-57981404,+,MIRb,SINE,MIR,132,193,-75,3
1445,296,353,107,34,chr6,112825498,112825706,-57980273,+,MIRb,SINE,MIR,29,253,-15,3
1445,13,123,54,26,chr6,112825730,112825767,-57980212,+,(GTTTAA)n,Simple_repeat,Simple_repeat,1,39,0,3
1445,584,197,8,0,chr6,112826943,112827060,-57978919,+,MER53,DNA,hAT,76,193,0,3
1445,770,297,0,9,chr6,112827418,112827629,-57978350,-,MIR,SINE,MIR,-51,211,3,3
1445,506,352,35,18,chr6,112829175,112829398,-57976581,-,MIRb,SINE,MIR,-3,265,39,3
1445,29,214,39,38,chr6,112830038,112830140,-57975839,+,A-rich,Low_complexity,Low_complexity,1,106,0,3
1445,19,309,16,0,chr6,112830700,112830764,-57975215,+,(TA)n,Simple_repeat,Simple_repeat,1,65,0,3
1445,2718,190,15,56,chr6,112830842,112831410,-57974569,-,MER44B,DNA,TcMar-Tigger,-3,547,4,3
1445,833,374,92,27,chr6,112831493,112832227,-57973752,+,MamGyp-int,LTR,Gypsy,4294,5079,-24,3
1445,558,333,65,26,chr6,112832795,112833137,-57972842,-,MamGypLTR2b,LTR,Gypsy,0,922,567,3
1445,1143,328,40,31,chr6,112833778,112834297,-57971682,+,MamGypsy2-I,LTR,Gypsy,2110,2633,-1533,3
1445,1132,134,23,18,chr6,112834356,112834527,-57971452,-,AluSz6,SINE,Alu,-20,292,121,3
1445,764,239,141,27,chr6,112834575,112834837,-57971142,+,L2a,LINE,L2,3130,3426,0,3
1445,279,244,29,146,chr6,112835115,112835273,-57970706,-,MLT1H2,LTR,ERVL-MaLR,0,549,411,3
1445,355,263,29,20,chr6,112835387,112835488,-57970491,-,MLT1H2,LTR,ERVL-MaLR,-323,166,65,3
1445,189,393,124,33,chr6,112835613,112835855,-57970124,+,L2b,LINE,L2,3106,3372,-3,3
1445,226,275,92,0,chr6,112835960,112836029,-57969950,+,MamGypsy2-I,LTR,Gypsy,3029,3104,-1062,3
1445,16,214,67,0,chr6,112837651,112837696,-57968283,+,(TC)n,Simple_repeat,Simple_repeat,1,48,0,3
1445,54,20,0,0,chr6,112837792,112837843,-57968136,+,(AG)n,Simple_repeat,Simple_repeat,1,51,0,3
1445,345,275,0,12,chr6,112838259,112838340,-57967639,+,MIRc,SINE,MIR,75,154,-114,3
1445,15,28,100,45,chr6,112838695,112838735,-57967244,+,A-rich,Low_complexity,Low_complexity,1,44,0,3
1445,1345,316,82,14,chr6,112839518,112840006,-57965973,+,LTR33A_,LTR,ERVL,3,526,-5,3
1445,16,0,0,0,chr6,112840419,112840437,-57965542,+,(A)n,Simple_repeat,Simple_repeat,1,18,0,3
1445,2251,56,7,4,chr6,112840693,112840963,-57965016,+,AluY,SINE,Alu,35,305,-6,3
1445,351,279,108,0,chr6,112841235,112841375,-57964604,-,MIRc,SINE,MIR,-14,254,98,3
1445,195,378,35,0,chr6,112841518,112841600,-57964379,-,MIRb,SINE,MIR,-175,93,9,3
1445,654,353,93,42,chr6,112841777,112842418,-57963561,-,L3,LINE,CR1,-109,3990,3314,3
1445,260,220,0,0,chr6,112842479,112842529,-57963450,+,MLT1J1,LTR,ERVL-MaLR,23,72,-376,3
1445,2099,202,33,29,chr6,112842533,112842981,-57962998,-,MLT1C,LTR,ERVL-MaLR,-7,460,11,3
1445,17,97,29,28,chr6,112842981,112843016,-57962963,+,(TTAT)n,Simple_repeat,Simple_repeat,1,36,0,3
1445,4890,114,53,23,chr6,112843017,112844069,-57961910,-,L1PA13,LINE,L1,-2,6161,5078,3
1445,420,281,200,39,chr6,112844093,112844379,-57961600,+,MLT1J1,LTR,ERVL-MaLR,65,398,-50,3
1445,252,319,70,14,chr6,112844389,112844527,-57961452,+,MIRb,SINE,MIR,20,167,-101,3
1445,774,331,126,22,chr6,112844525,112845214,-57960765,-,L2a,LINE,L2,-6,3420,2648,3
1445,16,340,0,0,chr6,112845242,112845300,-57960679,+,(AAT)n,Simple_repeat,Simple_repeat,1,58,0,3
1445,15,56,0,0,chr6,112846049,112846068,-57959911,+,(TG)n,Simple_repeat,Simple_repeat,1,19,0,3
1445,18,0,0,0,chr6,112846067,112846087,-57959892,+,(TA)n,Simple_repeat,Simple_repeat,1,20,0,3
1445,611,266,102,116,chr6,112846540,112846597,-57959382,-,MLT1F1,LTR,ERVL-MaLR,0,579,534,3
1445,534,126,10,80,chr6,112846597,112846709,-57959270,+,L1MA8,LINE,L1,6184,6287,-4,3
1445,611,269,101,110,chr6,112846709,112847018,-57958961,-,MLT1F1,LTR,ERVL-MaLR,-46,533,206,3
1445,35,0,50,0,chr6,112847032,112847072,-57958907,+,(AGAGAGAAAG)n,Simple_repeat,Simple_repeat,1,42,0,3
1445,631,262,32,0,chr6,112847103,112847313,-57958666,-,L1MC3,LINE,L1,-8,7777,7561,3
1445,6016,236,55,27,chr6,112847309,112848982,-57956997,-,L1MC3,LINE,L1,-341,7444,5722,3
1445,687,244,18,0,chr6,112848990,112849154,-57956825,-,MLT1F1,LTR,ERVL-MaLR,-402,167,1,3
1445,1533,228,148,104,chr6,112849229,112849871,-57956108,-,MLT1E1A,LTR,ERVL-MaLR,-5,675,1,3
1445,342,318,40,28,chr6,112850038,112850287,-57955692,+,HAL1ME,LINE,L1,2011,2262,-203,3
1445,965,261,5,5,chr6,112850313,112850536,-57955443,-,MER58A,DNA,hAT-Charlie,-1,223,1,3
1445,327,298,78,44,chr6,112850625,112850874,-57955105,+,HAL1ME,LINE,L1,2246,2503,-4,3
1445,14,230,18,53,chr6,112850956,112851012,-57954967,+,(ATT)n,Simple_repeat,Simple_repeat,1,57,0,3
1445,17,177,0,0,chr7,112822690,112822728,-46523245,+,(ACATTT)n,Simple_repeat,Simple_repeat,1,38,0,3
1445,357,260,106,21,chr7,112823240,112823428,-46522545,-,L1ME1,LINE,L1,0,6507,6147,3
1445,5624,209,60,45,chr7,112823457,112824348,-46521625,-,L1ME1,LINE,L1,-309,6043,5160,3
1445,2383,106,0,6,chr7,112824348,112824660,-46521313,-,AluSx4,SINE,Alu,0,310,1,3
1445,5624,242,99,35,chr7,112824660,112825040,-46520933,-,L1ME1,LINE,L1,-1160,5159,4748,3
1445,1792,170,0,18,chr7,112825040,112825322,-46520651,-,AluJr,SINE,Alu,-31,281,5,3
1445,5624,242,99,35,chr7,112825322,112826848,-46519125,-,L1ME1,LINE,L1,-1572,4747,3072,3
1445,1448,201,92,19,chr7,112826856,112827509,-46518464,-,L1ME1,LINE,L1,-3558,2761,2045,3
1445,1029,152,43,0,chr7,112827532,112827710,-46518263,-,MER2,DNA,TcMar-Tigger,-24,321,136,3
1445,1887,149,24,7,chr7,112827727,112828016,-46517957,-,AluJo,SINE,Alu,-18,294,1,3
1445,399,200,0,0,chr7,112828017,112828082,-46517891,-,MER2,DNA,TcMar-Tigger,-277,68,4,3
1445,1084,210,115,28,chr7,112828082,112828187,-46517786,-,L1ME1,LINE,L1,-4363,2037,1933,3
1445,2199,186,43,13,chr7,112828187,112828640,-46517333,-,MLT1C,LTR,ERVL-MaLR,0,467,1,3
1445,4674,207,91,59,chr7,112828640,112830359,-46515614,-,L1ME1,LINE,L1,-655,2174,20,3
1445,440,275,0,61,chr7,112830827,112830974,-46514999,-,MIRb,SINE,MIR,-14,254,117,3
1445,280,229,170,0,chr7,112831024,112831107,-46514866,-,L2a,LINE,L2,0,3426,3327,3
1445,2086,126,17,0,chr7,112831374,112831660,-46514313,+,AluSq,SINE,Alu,1,291,-22,3
1445,201,298,0,17,chr7,112831749,112831807,-46514166,-,MIRb,SINE,MIR,-4,264,208,3
1445,219,281,15,15,chr7,112831831,112831896,-46514077,-,MIRb,SINE,MIR,-200,68,4,3
1445,2373,86,0,10,chr7,112832008,112832312,-46513661,-,AluSx1,SINE,Alu,-9,303,3,3
1445,1256,213,71,32,chr7,112832739,112832960,-46513013,-,Charlie1b,DNA,hAT-Charlie,-3,520,304,3
1445,825,140,9,0,chr7,112832960,112833074,-46512899,-,AluJo,SINE,Alu,-196,116,2,3
1445,1256,213,71,32,chr7,112833074,112833255,-46512718,-,Charlie1b,DNA,hAT-Charlie,-220,303,102,3
1445,387,282,37,8,chr7,112833368,112833500,-46512473,+,MIR,SINE,MIR,127,262,0,3
1445,315,289,109,60,chr7,112833850,112834067,-46511906,-,L1ME3B,LINE,L1,-86,6156,5928,3
1445,1071,253,76,69,chr7,112834146,112834442,-46511531,-,L1MEd,LINE,L1,-1541,4605,4313,3
1445,2902,184,68,89,chr7,112834442,112835162,-46510811,+,MER44D,DNA,TcMar-Tigger,1,704,-1,3
1445,1071,253,76,69,chr7,112835162,112835492,-46510481,-,L1MEd,LINE,L1,-1834,4312,3974,3
1445,7736,99,37,4,chr7,112835482,112837455,-46508518,-,L1PA15,LINE,L1,-3,6162,4126,3
1445,291,291,108,6,chr7,112837493,112837659,-46508314,-,L1MEd,LINE,L1,-2191,3955,3771,3
1445,2343,191,112,16,chr7,112837695,112838278,-46507695,-,Tigger17a,DNA,TcMar-Tigger,0,654,1,3
1445,233,227,54,43,chr7,112838292,112838384,-46507589,-,L1MEd,LINE,L1,-3485,2661,2569,3
1445,1088,272,163,19,chr7,112838445,112839599,-46506374,+,L1MC4a,LINE,L1,6698,7567,-428,3
1445,255,282,68,0,chr7,112839774,112839898,-46506075,-,L1MEd,LINE,L1,-3640,2506,2374,3
1445,242,183,99,24,chr7,112839926,112840010,-46505963,-,L1MEd,LINE,L1,-3907,2239,2149,3
1445,516,186,157,39,chr7,112840073,112840202,-46505771,-,MER5B,DNA,hAT-Charlie,-26,152,6,3
1445,293,154,30,15,chr7,112840399,112840465,-46505508,-,L1MEd,LINE,L1,-4562,1680,1614,3
1445,312,282,66,76,chr7,112840466,112840650,-46505323,-,L1MEd,LINE,L1,-5904,1199,1018,3
1445,8835,76,17,2,chr7,112840758,112841971,-46504002,+,L1P3,LINE,L1,3803,5034,-1112,3
1445,321,382,57,29,chr7,112841974,112842144,-46503829,-,L1MEd,LINE,L1,-6263,840,666,3
1445,995,219,124,22,chr7,112843164,112843524,-46502449,-,Charlie4a,DNA,hAT-Charlie,-16,492,91,3
1445,13010,96,40,8,chr7,112843526,112846145,-46499828,+,L1PREC2,LINE,L1,3373,6082,-78,3
1445,1655,124,89,0,chr7,112846247,112846513,-46499460,+,L1PREC2,LINE,L1,5866,6157,-3,3
1445,14,107,68,43,chr7,112846848,112846892,-46499081,+,A-rich,Low_complexity,Low_complexity,1,47,0,3
1445,2336,108,3,0,chr7,112847496,112847792,-46498181,+,AluSp,SINE,Alu,1,297,-16,3
1445,1658,176,0,56,chr7,112847855,112848161,-46497812,+,AluJr4,SINE,Alu,1,289,-23,3
1445,342,269,116,93,chr7,112848352,112848545,-46497428,-,L2c,LINE,L2,-8,3379,3182,3
1445,2033,94,4,4,chr7,112848808,112849073,-46496900,+,AluSg,SINE,Alu,41,305,-5,3
1445,490,275,31,21,chr7,112849309,112849493,-46496480,+,MIR3,SINE,MIR,4,183,-25,3
1445,5036,168,30,30,chr7,112849499,112849928,-46496045,-,L1P4,LINE,L1,-1888,4258,3825,3
1445,2281,101,20,0,chr7,112849928,112850226,-46495747,+,AluSp,SINE,Alu,5,308,-5,3
1445,5036,168,30,30,chr7,112850226,112850863,-46495110,-,L1P4,LINE,L1,-2322,3824,3192,3
1445,5285,143,91,20,chr7,112850862,112852603,-46493370,+,L1PB4,LINE,L1,4271,6156,0,3
1445,12355,159,11,14,chr8,112823385,112826780,-32311856,-,L1PA8,LINE,L1,-3060,3401,3,3
1445,50,0,0,0,chr8,112827164,112827207,-32311429,+,(AT)n,Simple_repeat,Simple_repeat,1,43,0,3
1445,214,250,19,0,chr8,112827304,112827356,-32311280,+,L3,LINE,CR1,4033,4085,-14,3
1445,389,323,92,31,chr8,112827742,112827966,-32310670,-,MER102a,DNA,hAT-Charlie,0,330,92,3
1445,1507,174,150,55,chr8,112828290,112828673,-32309963,+,MSTA,LTR,ERVL-MaLR,1,426,-2,3
1445,29,200,40,0,chr8,112828997,112829072,-32309564,+,A-rich,Low_complexity,Low_complexity,1,78,0,3
1445,412,322,16,42,chr8,112829156,112829347,-32309289,-,MER5A,DNA,hAT-Charlie,0,189,4,3
1445,792,215,0,55,chr8,112829347,112829503,-32309133,+,MLT1A1,LTR,ERVL-MaLR,263,408,0,3
1445,49,0,0,0,chr8,112829885,112829927,-32308709,+,(CA)n,Simple_repeat,Simple_repeat,1,42,0,3
1445,2419,90,0,3,chr8,112830786,112831086,-32307550,-,AluY,SINE,Alu,-12,299,1,3
1445,591,306,148,12,chr8,112831333,112831740,-32306896,-,L1M5,LINE,L1,-514,5728,5257,3
1445,284,250,30,0,chr8,112831744,112831808,-32306828,-,Charlie17a,DNA,hAT-Charlie,-22,195,130,3
1445,3238,211,14,8,chr8,112832202,112832842,-32305794,+,MLT1E,LTR,ERVL-MaLR,1,644,-9,3
1445,846,296,124,34,chr8,112832858,112833679,-32304957,-,L1M5,LINE,L1,-1194,4952,4048,3
1445,25,63,0,0,chr8,112833682,112833715,-32304921,+,(TG)n,Simple_repeat,Simple_repeat,1,33,0,3
1445,325,324,22,64,chr8,112835451,112835639,-32302997,+,MLT1L,LTR,ERVL-MaLR,1,180,-382,3
1445,902,337,49,24,chr8,112835793,112836207,-32302429,+,MLT1L-int,LTR,ERVL-MaLR,914,1338,-49,3
1445,512,326,61,71,chr8,112836284,112836581,-32302055,+,MLT1L,LTR,ERVL-MaLR,1,294,-316,3
1445,207,324,73,48,chr8,112837473,112837619,-32301017,+,MIRb,SINE,MIR,119,268,0,3
1445,220,301,120,47,chr8,112837969,112838224,-32300412,-,L2c,LINE,L2,-72,3315,3040,3
1445,1081,146,46,0,chr8,112840210,112840395,-32298241,-,L1M2,LINE,L1,-1503,4640,4447,3
1445,937,208,122,71,chr8,112840400,112840711,-32297925,+,L1MA6,LINE,L1,5972,6300,0,3
1445,207,227,15,29,chr8,112841018,112841086,-32297550,-,L2a,LINE,L2,-173,3253,3187,3
1445,231,385,124,30,chr8,112841166,112841452,-32297184,+,L2c,LINE,L2,2850,3168,-219,3
1445,621,232,140,0,chr8,112843180,112843365,-32295271,+,MLT1A1,LTR,ERVL-MaLR,1,215,-193,3
1445,1111,249,52,139,chr8,112843405,112843950,-32294686,+,MLT1D,LTR,ERVL-MaLR,1,495,-10,3
1445,435,347,40,12,chr8,112844004,112844173,-32294463,+,MIRb,SINE,MIR,76,249,-19,3
1445,379,353,47,29,chr8,112844316,112844523,-32294113,+,MLT1J,LTR,ERVL-MaLR,1,211,-301,3
1445,337,156,30,0,chr8,112844711,112844775,-32293861,+,MLT1J,LTR,ERVL-MaLR,443,508,-4,3
1445,523,297,13,0,chr8,112844808,112844963,-32293673,+,hAT-N1_Mam,DNA,hAT-Tip100?,42,198,-142,3
1445,223,444,72,24,chr8,112845173,112845422,-32293214,-,L2b,LINE,L2,-9,3366,3105,3
1445,45,234,22,36,chr8,112846256,112846393,-32292243,+,(TTCT)n,Simple_repeat,Simple_repeat,1,140,0,3
1445,1607,186,21,24,chr8,112846395,112846705,-32291931,-,AluJr,SINE,Alu,0,312,1,3
1445,19,193,52,37,chr8,112846705,112846761,-32291875,+,(TTTA)n,Simple_repeat,Simple_repeat,1,57,0,3
1445,1139,267,107,39,chr8,112847159,112847619,-32291017,+,LTR16A2,LTR,ERVL,1,495,0,3
1445,237,291,0,0,chr8,112848424,112848479,-32290157,-,L2b,LINE,L2,-1,3374,3320,3
1445,568,309,12,0,chr8,112848598,112848763,-32289873,-,MIRc,SINE,MIR,-7,261,95,3
1445,755,250,75,25,chr8,112849882,112850130,-32288506,+,MIR,SINE,MIR,15,262,0,3
1445,3110,207,32,8,chr8,112850297,112851005,-32287631,-,MER63C,DNA,hAT-Blackjack,-74,856,132,3
1445,500,228,42,19,chr8,112851022,112851183,-32287453,-,MER63D,DNA,hAT-Blackjack,-896,165,1,3
1445,17,316,31,0,chr9,112821785,112821799,-25572918,+,(TA)n,Simple_repeat,Simple_repeat,1,15,0,4
1445,717,150,0,26,chr9,112821802,112821915,-25572802,-,AluJb,SINE,Alu,-26,286,177,4
1445,1650,126,114,19,chr9,112821943,112822213,-25572504,-,AluJr,SINE,Alu,-13,299,1,4
1445,844,150,49,85,chr9,112822368,112822579,-25572138,-,L1MA10,LINE,L1,0,6334,6132,4
1445,1600,211,110,48,chr9,112822649,112823091,-25571626,+,MER44B,DNA,TcMar-Tigger,1,473,-77,4
1445,477,169,0,0,chr9,112823102,112823173,-25571544,+,FLAM_A,SINE,Alu,49,119,-23,4
1445,804,151,16,0,chr9,112823169,112823295,-25571422,+,Tigger7,DNA,TcMar-Tigger,2364,2491,0,4
1445,752,166,36,24,chr9,112823295,112823462,-25571255,-,L1MA10,LINE,L1,-188,6116,5941,4
1445,486,215,91,23,chr9,112824385,112824518,-25570199,-,L1MC5,LINE,L1,-12,9292,9150,4
1445,1290,186,35,16,chr9,112824544,112824795,-25569922,-,MLT1D,LTR,ERVL-MaLR,-44,461,206,4
1445,731,216,0,146,chr9,112824803,112825015,-25569702,-,L1MB5,LINE,L1,-11,6163,5983,4
1445,1248,197,46,18,chr9,112825015,112825289,-25569428,-,L1MB5,LINE,L1,-450,5724,5443,4
1445,2017,140,3,0,chr9,112825305,112825590,-25569127,-,AluJr,SINE,Alu,-23,289,4,4
1445,213,282,0,71,chr9,112825695,112825779,-25568938,-,MIRb,SINE,MIR,-2,266,189,4
1445,475,260,52,34,chr9,112826982,112827189,-25567528,+,L2,LINE,L2,292,502,-2917,4
1445,586,312,42,29,chr9,112827224,112827462,-25567255,-,MIR,SINE,MIR,-19,243,3,4
1445,532,271,139,13,chr9,112827537,112827776,-25566941,-,HAL1,LINE,L1,-2211,296,23,4
1445,282,205,88,0,chr9,112827796,112827879,-25566838,+,L1M5,LINE,L1,3818,3908,-2238,4
1445,263,312,26,9,chr9,112827898,112828011,-25566706,+,L1M5,LINE,L1,5638,5752,-490,4
1445,2005,161,55,3,chr9,112828170,112828500,-25566217,+,Tigger3a,DNA,TcMar-Tigger,1,348,0,4
1445,3655,188,36,63,chr9,112828783,112829276,-25565441,-,L1MB5,LINE,L1,-39,6135,5668,4
1445,1809,157,0,39,chr9,112829276,112829581,-25565136,-,AluSx,SINE,Alu,-19,293,1,4
1445,3655,188,36,63,chr9,112829581,112829934,-25564783,-,L1MB5,LINE,L1,-507,5667,5312,4
1445,14,50,0,0,chr9,112830347,112830368,-25564349,+,(TGCC)n,Simple_repeat,Simple_repeat,1,21,0,4
1445,22,28,51,24,chr9,112830367,112830406,-25564311,+,(TTCTT)n,Simple_repeat,Simple_repeat,1,41,0,4
1445,1300,101,20,35,chr9,112830960,112831158,-25563559,+,AluJo,SINE,Alu,107,301,-11,4
1445,42,20,19,0,chr9,112832427,112832459,-25562258,+,(GA)n,Simple_repeat,Simple_repeat,1,32,0,4
1445,43,0,0,0,chr9,112832459,112832496,-25562221,+,(GT)n,Simple_repeat,Simple_repeat,1,37,0,4
1445,42,20,19,0,chr9,112832496,112832516,-25562201,+,(GA)n,Simple_repeat,Simple_repeat,1,21,0,4
1445,1816,28,0,0,chr9,112832574,112832785,-25561932,+,L1PA4,LINE,L1,5941,6151,-4,4
1445,37,49,118,0,chr9,112832805,112832890,-25561827,+,(AT)n,Simple_repeat,Simple_repeat,1,95,0,4
1445,929,164,33,6,chr9,112833033,112833211,-25561506,-,L1MB2,LINE,L1,0,6171,5989,4
1445,331,317,53,8,chr9,112833213,112833374,-25561343,+,L4_C_Mam,LINE,RTE-X,3528,3841,-1297,4
1445,695,207,0,8,chr9,112833375,112833496,-25561221,+,AluJb,SINE,Alu,1,120,-192,4
1445,405,304,18,29,chr9,112833503,112833676,-25561041,+,L4_C_Mam,LINE,RTE-X,3828,3998,-1140,4
1445,2861,186,43,43,chr9,112834065,112834621,-25560096,-,MER21A,LTR,ERVL,0,931,376,4
1445,1058,111,164,15,chr9,112834625,112834827,-25559890,-,MER21A,LTR,ERVL,-666,265,28,4
1445,60,18,0,0,chr9,112834827,112834883,-25559834,+,(AC)n,Simple_repeat,Simple_repeat,1,56,0,4
1445,616,289,109,63,chr9,112835029,112835337,-25559380,+,L4_C_Mam,LINE,RTE-X,4519,4856,-282,4
1445,1891,133,0,39,chr9,112835337,112835616,-25559101,-,AluSz,SINE,Alu,-44,268,1,4
1445,616,289,109,63,chr9,112835616,112835735,-25558982,+,L4_C_Mam,LINE,RTE-X,4857,4968,-170,4
1445,2534,73,0,6,chr9,112837461,112837774,-25556943,-,AluY,SINE,Alu,0,311,1,4
1445,2354,84,10,3,chr9,112837882,112838181,-25556536,-,AluSc8,SINE,Alu,-2,309,9,4
1445,1139,277,61,59,chr9,112838886,112839446,-25555271,+,HAL1,LINE,L1,945,1505,-1002,4
1445,292,227,29,0,chr9,112839945,112840011,-25554706,-,L1MC5,LINE,L1,-15,9289,9222,4
1445,2199,94,23,7,chr9,112840479,112840777,-25553940,-,AluSx1,SINE,Alu,-8,304,2,4
1445,2193,79,57,0,chr9,112840782,112841061,-25553656,-,AluYj4,SINE,Alu,-15,296,1,4
1445,2187,115,3,0,chr9,112841947,112842242,-25552475,-,AluSz,SINE,Alu,-16,296,1,4
1445,193,319,42,0,chr9,112842512,112842581,-25552136,-,MIR3,SINE,MIR,-21,187,116,4
1445,236,312,59,12,chr9,112842578,112842659,-25552058,+,MamSINE1,SINE,tRNA-RTE,68,152,-138,4
1445,185,354,24,79,chr9,112842599,112842688,-25552029,+,MamRTE1,LINE,RTE-BovB,120,203,-3609,4
1445,1698,319,80,36,chr9,112843352,112843626,-25551091,-,L2a,LINE,L2,-234,3192,2910,4
1445,1914,84,46,0,chr9,112843626,112843875,-25550842,-,AluSg,SINE,Alu,-12,298,38,4
1445,1698,313,90,47,chr9,112843875,112844648,-25550069,-,L2a,LINE,L2,-506,2913,2093,4
1445,1151,275,101,12,chr9,112845159,112845575,-25549142,+,HAL1,LINE,L1,57,513,-1994,4
1445,1226,268,140,35,chr9,112845604,112846258,-25548459,+,HAL1,LINE,L1,587,1320,-1187,4
1445,799,235,115,101,chr9,112847171,112847667,-25547050,-,L1MC5,LINE,L1,-3,9301,8798,4
1445,569,229,128,35,chr9,112847775,112848001,-25546716,+,L2a,LINE,L2,3114,3363,-63,4
1445,273,291,116,19,chr9,112848471,112848621,-25546096,+,MIRc,SINE,MIR,27,191,-77,4
1445,294,216,0,0,chr9,112849276,112849327,-25545390,+,MER3,DNA,hAT-Charlie,40,90,-119,4
1445,970,198,20,30,chr9,112849292,112849495,-25545222,-,MER3,DNA,hAT-Charlie,-8,201,1,4
1445,499,248,81,14,chr9,112850028,112850167,-25544550,-,MER96,DNA,hAT-Tip100,-23,152,4,4
1445,193,340,97,28,chr9,112850282,112850388,-25544329,+,L2c,LINE,L2,3270,3383,-4,4
1445,13,147,0,31,chrX,112824957,112824989,-43215906,+,(CCACC)n,Simple_repeat,Simple_repeat,1,32,0,4
1445,26,267,12,35,chrX,112824973,112825057,-43215838,+,(CA)n,Simple_repeat,Simple_repeat,1,85,0,4
1445,253,259,25,51,chrX,112825751,112825869,-43215026,-,L2c,LINE,L2,-10,3416,3283,4
1445,2236,124,3,0,chrX,112826850,112827156,-43213739,-,AluSx,SINE,Alu,-5,307,1,4
1445,862,278,27,0,chrX,112828236,112828484,-43212411,+,MIR,SINE,MIR,8,262,0,4
1445,275,287,65,33,chrX,112828618,112828708,-43212187,-,MIR3,SINE,MIR,-10,198,106,4
1445,2257,130,122,5,chrX,112829191,112829569,-43211326,+,MSTA,LTR,ERVL-MaLR,1,428,0,4
1445,923,263,63,21,chrX,112830114,112830522,-43210373,-,L1ME4c,LINE,L1,-176,654,350,4
1445,288,252,105,0,chrX,112831380,112831445,-43209450,-,L2b,LINE,L2,-9,3366,3296,4
1445,51,0,0,0,chrX,112831445,112831491,-43209404,+,(AATA)n,Simple_repeat,Simple_repeat,1,46,0,4
1445,288,252,105,0,chrX,112831491,112831536,-43209359,-,L2b,LINE,L2,-80,3295,3244,4
1445,259,220,17,0,chrX,112831702,112831761,-43209134,-,L2b,LINE,L2,-1059,2360,2301,4
1445,276,350,8,16,chrX,112832082,112832204,-43208691,+,L2b,LINE,L2,3253,3373,-2,4
1445,420,330,10,66,chrX,112832326,112832537,-43208358,-,MIRc,SINE,MIR,-44,224,26,4
1445,266,297,66,32,chrX,112835153,112835289,-43205606,-,MIRc,SINE,MIR,-88,180,33,4
1445,2184,105,10,3,chrX,112835586,112835882,-43205013,-,AluSq2,SINE,Alu,-14,299,2,4
1445,13,0,50,0,chrX,112836256,112836276,-43204619,+,(GTT)n,Simple_repeat,Simple_repeat,1,21,0,4
1445,20,190,0,0,chrX,112837488,112837525,-43203370,+,(T)n,Simple_repeat,Simple_repeat,1,37,0,4
1445,25,149,0,0,chrX,112839891,112839936,-43200959,+,(CAC)n,Simple_repeat,Simple_repeat,1,45,0,4
1445,15,319,27,13,chrX,112840661,112840736,-43200159,+,GA-rich,Low_complexity,Low_complexity,1,77,0,4
1445,424,297,116,31,chrX,112842047,112842276,-43198619,+,MIRc,SINE,MIR,2,252,-16,4
1445,1871,118,4,0,chrX,112843258,112843512,-43197383,+,AluSz,SINE,Alu,1,255,-57,4
1445,980,101,21,0,chrX,112843512,112843651,-43197244,+,AluSx3,SINE,Alu,170,311,0,4
1445,382,292,132,28,chrX,112843651,112843968,-43196927,-,L1ME4b,LINE,L1,-51,841,487,4
1445,754,179,0,0,chrX,112843979,112844096,-43196799,+,FLAM_A,SINE,Alu,8,124,-18,4
1445,289,316,131,15,chrX,112844618,112844814,-43196081,-,L2c,LINE,L2,-10,3377,3156,4
1445,1846,133,22,0,chrX,112845170,112845478,-43195417,+,L1MB4,LINE,L1,5854,6168,-12,4
1445,33,76,0,0,chrX,112845478,112845520,-43195375,+,(CA)n,Simple_repeat,Simple_repeat,1,42,0,4
1445,468,202,54,19,chrX,112845603,112845737,-43195158,-,Charlie8,DNA,hAT-Charlie,-130,200,63,4
1445,12,122,37,0,chrX,112846264,112846291,-43194604,+,(TCCC)n,Simple_repeat,Simple_repeat,1,28,0,4
1445,25,123,22,21,chrX,112846295,112846341,-43194554,+,(CA)n,Simple_repeat,Simple_repeat,1,47,0,4
1445,242,200,18,0,chrX,112847182,112847237,-43193658,+,UCON132b,DNA,hAT-Tip100,53,108,-40,4
1445,681,314,43,9,chrX,112847251,112847473,-43193422,+,MIRb,SINE,MIR,21,250,-18,4
1445,432,311,96,30,chrX,112847622,112847788,-43193107,+,MIRb,SINE,MIR,18,195,-73,4
1445,2323,94,3,3,chrX,112847898,112848196,-43192699,-,AluSq2,SINE,Alu,-15,298,1,4
1445,290,346,8,83,chrX,112848491,112848636,-43192259,+,L2b,LINE,L2,3023,3156,-219,4
1445,363,258,10,130,chrX,112848655,112848878,-43192017,-,Charlie16a,DNA,hAT-Charlie,-126,216,21,4
1445,259,255,0,18,chrX,112848890,112848946,-43191949,+,L3,LINE,CR1,4024,4078,-21,4
1445,345,289,81,26,chrX,112849305,112849422,-43191473,+,MIRb,SINE,MIR,16,139,-129,4
1445,471,278,16,8,chrX,112849420,112849547,-43191348,-,L2a,LINE,L2,0,3426,3299,4
1445,355,239,56,90,chrX,112850103,112850269,-43190626,-,MamRep564,Unknown,Unknown,-100,257,98,4
1445,338,287,37,59,chrX,112850362,112850590,-43190305,+,L2b,LINE,L2,3198,3425,-1,4
1445,1038,73,0,0,chrX,112850707,112850830,-43190065,-,AluSx3,SINE,Alu,-188,123,1,4
1445,17,155,0,0,chrX,112850969,112850998,-43189897,+,(T)n,Simple_repeat,Simple_repeat,1,29,0,4
